cosine_sim,keyword_match_ratio,length_ratio,is_match
0.0932731674242132,0.19047619047619047,1.5,1
0.01740535169384283,0.0778688524590164,1.2827868852459017,0
0.0379026939428115,0.044642857142857144,0.8482142857142857,1
0.023378644325171127,0.04405286343612335,0.4185022026431718,0
0.049706621137509885,0.13333333333333333,1.5,1
0.03922912342449675,0.040892193308550186,0.5241635687732342,0
0.16995302656985373,0.3548387096774194,1.5,1
0.08145314850461122,0.24761904761904763,1.5,0
0.07821667919387332,0.06097560975609756,0.32926829268292684,1
0.02176601556516712,0.034220532319391636,0.10266159695817491,0
0.07835522614819398,0.03821656050955414,0.16878980891719744,1
0.030169531337123287,0.0234375,0.20703125,0
0.11040511914782924,0.11969111969111969,0.41312741312741313,1
0.028871873834089266,0.04555808656036447,0.2437357630979499,0
0.1008273841195556,0.22,1.5,1
0.028747524907683945,0.14754098360655737,1.5,0
0.13610064464919552,0.16666666666666666,1.4111111111111112,1
0.08554064555170324,0.12030075187969924,0.9548872180451128,0
0.23660867367666683,0.21428571428571427,1.5,1
0.08050916239183241,0.14012738853503184,1.5,0
0.09755099705408068,0.16666666666666666,1.5,1
0.06744098103504298,0.1541501976284585,1.2371541501976284,0
0.04314974207193429,0.06493506493506493,0.6168831168831169,1
0.026794368289112143,0.05056179775280899,0.5337078651685393,0
0.06996968734957376,0.12087912087912088,1.5,1
0.05703853242023894,0.08646616541353383,0.5300751879699248,0
0.17476366047872235,0.2088888888888889,1.5,1
0.05977418553170384,0.1552346570397112,1.227436823104693,0
0.07583040027173855,0.037383177570093455,0.1261682242990654,1
0.0,0.0,0.226890756302521,0
0.10989054288208153,0.03333333333333333,0.2523809523809524,1
0.039929572826713555,0.03832752613240418,0.18466898954703834,0
0.19311353288865166,0.1016949152542373,0.36271186440677966,1
0.028512858431996867,0.05025125628140704,0.5376884422110553,0
0.13253608566775574,0.2831858407079646,1.5,1
0.09757129187849864,0.1554959785522788,0.8176943699731903,0
0.0697067012398399,0.09574468085106383,1.351063829787234,1
0.07248378252778015,0.06306306306306306,0.3813813813813814,0
0.14284399436258916,0.21212121212121213,1.5,1
0.018023607304669655,0.125,1.5,0
0.04914649884296529,0.028070175438596492,0.12280701754385964,1
0.01486281354279727,0.011834319526627219,0.20710059171597633,0
0.14649429494465346,0.17180616740088106,0.8237885462555066,1
0.05310823009121436,0.08737864077669903,0.9077669902912622,0
0.06299966057093175,0.020833333333333332,0.05555555555555555,1
0.09049341809797565,0.04285714285714286,0.22857142857142856,0
0.005849708468627268,0.009345794392523364,0.16822429906542055,1
0.03386212395607373,0.01090909090909091,0.03272727272727273,0
0.07846258117560986,0.016835016835016835,0.06060606060606061,1
0.009510206213916215,0.00558659217877095,0.1005586592178771,0
0.0524476955207186,0.02631578947368421,0.09210526315789473,1
0.007212394303112175,0.003745318352059925,0.052434456928838954,0
0.058228548083642306,0.025,0.15,1
0.0268739907486442,0.0176678445229682,0.04240282685512368,0
0.05913984882329342,0.07446808510638298,0.7978723404255319,1
0.03191909648609875,0.03832752613240418,0.2613240418118467,0
0.028218710738686648,0.021739130434782608,0.5108695652173914,1
0.010375408488702366,0.010714285714285714,0.16785714285714284,0
0.01699327478452759,0.03153153153153153,0.32882882882882886,1
0.023926862043726415,0.05,0.28076923076923077,0
0.09045069016619535,0.053125,0.2,1
0.051919261906751224,0.04979253112033195,0.26556016597510373,0
0.004496462984040683,0.014492753623188406,0.5072463768115942,1
0.018271594034486718,0.01837270341207349,0.09186351706036745,0
0.07843134242159774,0.16304347826086957,1.5,1
0.046541231735634604,0.16551724137931034,1.289655172413793,0
0.03053820200761108,0.027972027972027972,0.11188811188811189,1
0.011634459983301851,0.012605042016806723,0.03361344537815126,0
0.04068957088953269,0.009478672985781991,0.04265402843601896,1
0.049016025144881264,0.015772870662460567,0.056782334384858045,0
0.05113837620887042,0.019672131147540985,0.05901639344262295,1
0.034025894855928135,0.03571428571428571,0.6428571428571429,0
0.0,0.0,0.12280701754385964,1
0.031965101653134854,0.01818181818181818,0.08484848484848485,0
0.08139409892104914,0.011730205278592375,0.03519061583577713,1
0.0424460757550086,0.02564102564102564,0.10256410256410256,0
0.11677044289546104,0.05026455026455026,0.1984126984126984,1
0.024356393034465046,0.01935483870967742,0.4838709677419355,0
0.07077372915631723,0.024096385542168676,0.18875502008032127,1
0.023600827538391596,0.015432098765432098,0.14506172839506173,0
0.023072084681171893,0.07942238267148015,0.4368231046931408,1
0.04139174491584862,0.06228373702422145,0.4186851211072664,0
0.03454908998139517,0.05357142857142857,0.6785714285714286,1
0.013797100567064825,0.013513513513513514,0.17117117117117117,0
0.05370914960532068,0.02120141342756184,0.053003533568904596,1
0.0,0.0,0.09090909090909091,0
0.021078072765294928,0.03271028037383177,0.13317757009345793,1
0.01638699754458359,0.032520325203252036,0.23170731707317074,0
0.04843522614571822,0.1079136690647482,1.4964028776978417,1
0.034065215551143876,0.07692307692307693,1.5,0
0.012257387388692895,0.015384615384615385,0.2230769230769231,1
0.01400733647442597,0.02586206896551724,0.25,0
0.02332079509040413,0.022435897435897436,0.1346153846153846,1
0.01659013373135204,0.013071895424836602,0.13725490196078433,0
0.045597208095186706,0.05982905982905983,0.39316239316239315,1
0.04892306725978385,0.058365758754863814,0.35797665369649806,0
0.06099793005476197,0.051643192488262914,0.2112676056338028,1
0.01460535734309973,0.0299625468164794,0.16853932584269662,0
0.008739292698627289,0.014285714285714285,0.2,1
0.021014848668463742,0.012605042016806723,0.11764705882352941,0
0.03464898644446637,0.0743801652892562,1.0,1
0.022984621168372937,0.06779661016949153,1.0254237288135593,0
0.028408354340416553,0.02132701421800948,0.09004739336492891,1
0.018055829243944437,0.02681992337164751,0.14559386973180077,0
0.06879802011233507,0.012853470437017995,0.038560411311053984,1
0.023930416925592578,0.011574074074074073,0.034722222222222224,0
0.06546966249365548,0.030534351145038167,0.1450381679389313,1
0.0510251526325502,0.02926829268292683,0.2780487804878049,0
0.07649819102217989,0.10941475826972011,0.5292620865139949,1
0.03653121224773103,0.1322314049586777,1.5,0
0.022626095225454373,0.029411764705882353,0.17058823529411765,1
0.013307485793131563,0.03125,0.25892857142857145,0
0.02880261463792408,0.023715415019762844,0.16600790513833993,1
0.009926585793990177,0.021052631578947368,0.4421052631578947,0
0.039858625222191996,0.09259259259259259,1.5,1
0.031811509097912014,0.05982905982905983,0.7863247863247863,0
0.0746170171465436,0.041379310344827586,0.15517241379310345,1
0.05900166648967834,0.030927835051546393,0.11597938144329897,0
0.05114311080506837,0.01699029126213592,0.06796116504854369,1
0.0025415272913036115,0.00684931506849315,0.1917808219178082,0
0.0749263674552612,0.06880733944954129,0.5321100917431193,1
0.049246103776688956,0.06153846153846154,0.5948717948717949,0
0.03043933958714239,0.041666666666666664,0.2916666666666667,1
0.012849911832792308,0.0390625,0.4921875,0
0.05655729937168722,0.22685185185185186,1.5,1
0.05797090054631553,0.1746031746031746,1.5,0
0.03349929285305079,0.03164556962025317,0.23417721518987342,1
0.019215378103943238,0.02631578947368421,0.9736842105263158,0
0.04353403988825575,0.04918032786885246,0.4344262295081967,1
0.07930224435708773,0.03759398496240601,0.19924812030075187,0
0.06583075832284213,0.05463182897862233,0.22327790973871733,1
0.03736103213715091,0.04746835443037975,0.2974683544303797,0
0.013838393197302942,0.04678362573099415,0.6783625730994152,1
0.05098584702384425,0.09523809523809523,1.380952380952381,0
0.046302074059685,0.03177966101694915,0.13347457627118645,1
0.026624397390430366,0.036036036036036036,0.28378378378378377,0
0.07532347325605133,0.22972972972972974,1.5,1
0.060294050548703244,0.16304347826086957,0.8521739130434782,0
0.03143830746712306,0.038834951456310676,0.1796116504854369,1
0.02764848713345851,0.03205128205128205,0.23717948717948717,0
0.033028083544619405,0.02364066193853428,0.12529550827423167,1
0.015817345480807855,0.02531645569620253,0.33544303797468356,0
0.05286198978005693,0.07462686567164178,0.7014925373134329,1
0.05292730512446592,0.02800658978583196,0.15485996705107083,0
0.07046847156424926,0.058394160583941604,0.8467153284671532,1
0.023471200306719606,0.053003533568904596,0.4098939929328622,0
0.13185970578292597,0.03308823529411765,0.23161764705882354,1
0.016217782311001964,0.04225352112676056,0.44366197183098594,0
0.09689387740916894,0.1965065502183406,1.5,1
0.043597897876992066,0.16666666666666666,1.5,0
0.02152925967621876,0.024,0.148,1
0.0558356139574263,0.047619047619047616,0.3523809523809524,0
0.05113259037721377,0.02766798418972332,0.10474308300395258,1
0.019021156630827343,0.014925373134328358,0.19776119402985073,0
0.04713476593817988,0.055248618784530384,0.5193370165745856,1
0.027570918909457762,0.04633204633204633,0.36293436293436293,0
0.023558561840927895,0.05263157894736842,0.7631578947368421,1
0.04171833924575603,0.07894736842105263,0.6105263157894737,0
0.02582434490014718,0.035398230088495575,0.5575221238938053,1
0.0630685529242015,0.034482758620689655,0.14482758620689656,0
0.04035247805147449,0.07766990291262135,1.5,1
0.06131427866031694,0.07267441860465117,0.5261627906976745,0
0.07046604701115845,0.3137254901960784,1.5,1
0.036244677872870515,0.08097165991902834,0.6923076923076923,0
0.026889704884943307,0.15517241379310345,1.5,1
0.05718280765153929,0.07707509881422925,0.3577075098814229,0
0.06975055845435997,0.04419889502762431,0.30386740331491713,1
0.011657846273786547,0.011764705882352941,0.3235294117647059,0
0.0786221480660226,0.14009661835748793,1.0579710144927537,1
0.050632787186356186,0.09053497942386832,0.9012345679012346,0
0.2171648974166567,0.14345991561181434,0.7637130801687764,1
0.03859084724545153,0.12751677852348994,1.2147651006711409,0
0.09228999125944982,0.2073170731707317,1.5,1
0.042909462467374766,0.09285714285714286,1.2214285714285715,0
0.15658321700355143,0.2403846153846154,1.5,1
0.0390868234422784,0.12371134020618557,1.5,0
0.08530093118076769,0.036303630363036306,0.18151815181518152,1
0.038501228816114674,0.0234375,0.107421875,0
0.07579267932849093,0.0989399293286219,0.773851590106007,1
0.053834428863942005,0.11336032388663968,0.8866396761133604,0
0.08604515217466281,0.0599250936329588,0.6779026217228464,1
0.0748602464384639,0.13612565445026178,0.9476439790575916,0
0.06334082441854025,0.06741573033707865,0.6404494382022472,1
0.09063557498634037,0.08146067415730338,0.4803370786516854,0
0.1556722194869995,0.4166666666666667,1.5,1
0.02821976707544739,0.1069182389937107,1.1383647798742138,0
0.02707128776917946,0.0380952380952381,0.5238095238095238,1
0.012257784163475631,0.01171875,0.21484375,0
0.11229305583059644,0.11241217798594848,0.5128805620608899,1
0.10566953437761546,0.12672811059907835,0.5046082949308756,0
0.1052942309729194,0.1388888888888889,1.5,1
0.04939559413666588,0.09523809523809523,0.5746031746031746,0
0.07087078857320826,0.1388888888888889,0.95,1
0.04264739396559559,0.061611374407582936,0.4052132701421801,0
0.20208122685952282,0.1743119266055046,0.8302752293577982,1
0.07775895290347912,0.12301587301587301,0.7182539682539683,0
0.043780225922747995,0.03484320557491289,0.1916376306620209,1
0.022217176872128236,0.017341040462427744,0.15895953757225434,0
0.11108214875661446,0.14646464646464646,1.106060606060606,1
0.14344551277554127,0.11475409836065574,0.7180327868852459,0
0.232005234405812,0.24734982332155478,1.5,1
0.13640122131908108,0.205,1.5,0
0.13178654614405677,0.11553784860557768,0.46215139442231074,1
0.07256095984954748,0.0650887573964497,0.3431952662721893,0
0.11685384978377678,0.05434782608695652,0.42391304347826086,1
0.027573578093776495,0.016908212560386472,0.09420289855072464,0
0.2236010843962765,0.19718309859154928,1.5,1
0.07985608483043675,0.06235011990407674,0.3405275779376499,0
0.044796470942147906,0.04932735426008968,0.4439461883408072,1
0.01393986239438494,0.034334763948497854,0.4248927038626609,0
0.146230780668883,0.23843416370106763,1.5,1
0.05558635117864383,0.15613382899628253,1.5,0
0.09271577580122253,0.06334841628959276,0.5248868778280543,1
0.035713792869354194,0.056338028169014086,0.8169014084507042,0
0.11098704730163117,0.03056768558951965,0.1703056768558952,1
0.021862851766604848,0.030303030303030304,0.19696969696969696,0
0.01299274313634686,0.07575757575757576,1.5,1
0.04663134980479829,0.07246376811594203,0.4115942028985507,0
0.18313850817883104,0.09219858156028368,0.7021276595744681,1
0.03357092218927537,0.07692307692307693,0.9519230769230769,0
0.28966458892985186,0.28012048192771083,1.3132530120481927,1
0.08920936242038141,0.1891891891891892,1.5,0
0.12193675724691991,0.07553956834532374,0.4172661870503597,1
0.05080617448773944,0.04497354497354497,0.30687830687830686,0
0.10850686295281008,0.01808785529715762,0.10077519379844961,1
0.028837570256456526,0.01592356687898089,0.12420382165605096,0
0.06065687853197848,0.05714285714285714,0.5071428571428571,1
0.12090032936796148,0.175,1.5,0
0.053645632840368385,0.053475935828877004,0.5294117647058824,1
0.03537549464827304,0.03233830845771144,0.2462686567164179,0
0.20370525291076194,0.25,1.4533333333333334,1
0.049593664243712296,0.25252525252525254,1.5,0
0.0599480384785489,0.05161290322580645,0.3741935483870968,1
0.041100006767483495,0.06028368794326241,0.41134751773049644,0
0.10038657154175083,0.04242424242424243,0.23636363636363636,1
0.010208738756457465,0.016055045871559634,0.08944954128440367,0
0.1334894637329264,0.11290322580645161,0.7634408602150538,1
0.04362225593913918,0.112,0.568,0
0.05245946713071764,0.049586776859504134,0.4090909090909091,1
0.029138946920757428,0.04888888888888889,0.44,0
0.08478113049725969,0.125,1.5,1
0.03261423831784083,0.02510460251046025,0.24267782426778242,0
0.18951946341792902,0.1111111111111111,1.5,1
0.08611182100397927,0.061371841155234655,0.24548736462093862,0
0.20617261080828753,0.1724137931034483,0.9137931034482759,1
0.08943904385969102,0.12589073634204276,0.503562945368171,0
0.098667146680746,0.11029411764705882,0.8602941176470589,1
0.021925089984477824,0.046875,0.9140625,0
0.17145892755535885,0.08015267175572519,0.3320610687022901,1
0.059983052234950755,0.07692307692307693,0.3717948717948718,0
0.04003611650162836,0.057692307692307696,1.1153846153846154,1
0.030088911281749762,0.03611111111111111,0.16111111111111112,0
0.20862400694228797,0.05454545454545454,0.17662337662337663,1
0.049007392680731,0.04182509505703422,0.2585551330798479,0
0.404052056574282,0.20625,1.325,1
0.08910869967909739,0.12602739726027398,0.5808219178082191,0
0.10757606161960827,0.06206896551724138,0.40344827586206894,1
0.04149356777849423,0.049429657794676805,0.4448669201520912,0
0.036518388190362364,0.08571428571428572,1.2428571428571429,1
0.10164566078413852,0.0673076923076923,0.4182692307692308,0
0.030812733810039714,0.05573770491803279,0.1901639344262295,1
0.0468845656289628,0.04411764705882353,0.28431372549019607,0
0.09091532955876178,0.05917159763313609,0.40236686390532544,1
0.023082853811338604,0.06,0.4533333333333333,0
0.3491034901041877,0.212,0.848,1
0.0596684172078011,0.18382352941176472,1.5,0
0.1254213865495665,0.10526315789473684,0.47368421052631576,1
0.05704015481378407,0.09302325581395349,0.6802325581395349,0
0.14268743535300404,0.10434782608695652,0.7565217391304347,1
0.023736045009373218,0.0625,0.6796875,0
0.07854400727604777,0.04895104895104895,0.40559440559440557,1
0.06728393262042943,0.036414565826330535,0.16246498599439776,0
0.11916181625835286,0.08148148148148149,0.5037037037037037,1
0.07929406003990168,0.05825242718446602,0.22006472491909385,0
0.25615946617223484,0.18095238095238095,1.5,1
0.04614803027804524,0.10902255639097744,0.7969924812030075,0
0.18335837756852785,0.16901408450704225,1.5,1
0.06356297230285728,0.062111801242236024,0.36335403726708076,0
0.042535372144207904,0.06060606060606061,0.8787878787878788,1
0.045467841858775095,0.06338028169014084,0.6126760563380281,0
0.023148376146031973,0.03187250996015936,0.18725099601593626,1
0.05504257798431908,0.034666666666666665,0.12533333333333332,0
0.03261319575388037,0.037267080745341616,0.4409937888198758,1
0.0579162965390128,0.04421768707482993,0.24149659863945577,0
0.022676959963630165,0.07692307692307693,1.5,1
0.08305399395091963,0.06069364161849711,0.3468208092485549,0
0.05080592764366872,0.15,1.5,1
0.01845736272705093,0.03626943005181347,0.8497409326424871,0
0.10219545901734109,0.0962962962962963,0.45185185185185184,1
0.09211116173009318,0.08888888888888889,0.3388888888888889,0
0.10456737511053263,0.1270358306188925,0.6254071661237784,1
0.04146413700146778,0.08389261744966443,0.6442953020134228,0
0.05416253627103351,0.040160642570281124,0.18875502008032127,1
0.04553027605560481,0.05555555555555555,0.1865079365079365,0
0.031224002706111562,0.04526748971193416,0.29218106995884774,1
0.031545067749997525,0.03278688524590164,0.23278688524590163,0
0.06808046510323912,0.07916666666666666,0.5,1
0.05423691680238311,0.10194174757281553,0.5825242718446602,0
0.03737627528115557,0.0778688524590164,0.6721311475409836,1
0.07233868242807726,0.08387096774193549,0.35268817204301073,0
0.09787253155316161,0.07662835249042145,0.4674329501915709,1
0.07544547992099393,0.08620689655172414,0.5258620689655172,0
0.04122167769923752,0.175,1.5,1
0.07001870642156074,0.09539473684210527,0.631578947368421,0
0.03770738085147004,0.03937007874015748,0.18503937007874016,1
0.05661728409771774,0.06532663316582915,0.23618090452261306,0
0.01746099359351424,0.05504587155963303,0.6513761467889908,1
0.027490447937228067,0.05263157894736842,1.2456140350877194,0
0.08819376188557901,0.10096153846153846,0.5769230769230769,1
0.13839865583054717,0.07256235827664399,0.272108843537415,0
0.03320727306202442,0.10555555555555556,0.9111111111111111,1
0.07502930108766166,0.08229426433915212,0.4089775561097257,0
0.0975143346048265,0.08823529411764706,1.5,1
0.08443503446283059,0.10714285714285714,0.5446428571428571,0
0.16184119514779843,0.10094637223974763,0.6056782334384858,1
0.055312339963046915,0.07017543859649122,1.5,0
0.029727679887358242,0.12,1.5,1
0.024856361993601642,0.035398230088495575,0.415929203539823,0
0.021128874217700013,0.025,0.5916666666666667,1
0.03116114958273376,0.045454545454545456,0.461038961038961,0
0.19371030345509513,0.18,1.5,1
0.02604607131726995,0.1794871794871795,1.5,0
0.12277645039227558,0.026785714285714284,0.10416666666666667,1
0.0038893399829921576,0.012422360248447204,0.21739130434782608,0
0.047598653043245405,0.09649122807017543,1.5,1
0.07287686714518238,0.11585365853658537,1.3353658536585367,0
0.21923475278572502,0.10423452768729642,0.6742671009771987,1
0.04026054317615347,0.13636363636363635,1.5,0
0.19971281389256004,0.1875,1.3680555555555556,1
0.03968226862964412,0.09090909090909091,1.1939393939393939,0
0.05589217761280822,0.03745318352059925,0.2209737827715356,1
0.010644769996139891,0.019417475728155338,0.14320388349514562,0
0.231030340502789,0.2247191011235955,1.400749063670412,1
0.10338593034100839,0.18882978723404256,0.9946808510638298,0
0.11582376344547414,0.06481481481481481,0.32407407407407407,1
0.08592204048262211,0.09259259259259259,0.6481481481481481,0
0.2097359643168507,0.14386792452830188,0.5165094339622641,1
0.09457671867293313,0.09068627450980392,0.5367647058823529,0
0.12480912451583415,0.0966183574879227,1.0,1
0.05060300651415202,0.0730593607305936,0.9452054794520548,0
0.2651087985659743,0.2108843537414966,1.3401360544217686,1
0.03373781232414716,0.1,1.5,0
0.11610923248664212,0.043478260869565216,0.233201581027668,1
0.03649556257449365,0.03642384105960265,0.19536423841059603,0
0.31969398825141,0.2889908256880734,1.5,1
0.07577642718074354,0.14601769911504425,1.5,0
0.11805279153533127,0.047244094488188976,0.2755905511811024,1
0.022998294472988838,0.03389830508474576,0.2966101694915254,0
0.18154255895598068,0.14507772020725387,1.1347150259067358,1
0.06539564942257836,0.11691542288557213,0.5447761194029851,0
0.13114276047886023,0.13253012048192772,1.2469879518072289,1
0.050411182718975454,0.08088235294117647,0.7610294117647058,0
0.04783866271034718,0.09644670050761421,1.0,1
0.06252138463447218,0.10091743119266056,0.9036697247706422,0
0.016015420065008768,0.030303030303030304,0.44696969696969696,1
0.05116106278102296,0.03773584905660377,0.3710691823899371,0
0.1043276998859793,0.13636363636363635,1.5,1
0.07047464385579841,0.2,1.0246575342465754,0
0.04552908825640355,0.025380710659898477,0.17766497461928935,1
0.030532964326754636,0.025974025974025976,0.15151515151515152,0
0.15233954394354435,0.06521739130434782,0.6086956521739131,1
0.03131059603649076,0.012594458438287154,0.07052896725440806,0
0.10236219445116111,0.16901408450704225,1.5,1
0.0309092989061647,0.0421455938697318,0.524904214559387,0
0.12868718925438252,0.22857142857142856,1.5,1
0.05998961161111652,0.12931034482758622,1.4396551724137931,0
0.13974529359925408,0.2222222222222222,1.5,1
0.04819580701860479,0.07761194029850746,0.4746268656716418,0
0.07550132276867828,0.09340659340659341,0.5989010989010989,1
0.04065411095767833,0.06321839080459771,0.6264367816091954,0
0.056932205986773086,0.08737864077669903,0.5436893203883495,1
0.019805276992582728,0.016260162601626018,0.15176151761517614,0
0.050901079231000124,0.08292682926829269,0.424390243902439,1
0.019448672876291366,0.03870967741935484,0.2806451612903226,0
0.06662038649339941,0.09482758620689655,0.75,1
0.018162766235757084,0.03829787234042553,0.3702127659574468,0
0.13549431360088685,0.1588785046728972,1.0654205607476634,1
0.023198590809021917,0.03431372549019608,0.5588235294117647,0
0.15011674202370096,0.16666666666666666,1.4444444444444444,1
0.024345903715176975,0.06790123456790123,0.48148148148148145,0
0.068145597463539,0.16666666666666666,1.5,1
0.031062833163825656,0.05177993527508091,0.28802588996763756,0
0.04134166496460279,0.07916666666666666,0.75,1
0.04751791408272757,0.07777777777777778,1.0,0
0.03204918936885423,0.0449438202247191,0.6741573033707865,1
0.03811520247803664,0.034229828850855744,0.1466992665036675,0
0.21199530509646677,0.11299435028248588,0.5310734463276836,1
0.06609408834658147,0.1320754716981132,0.8867924528301887,0
0.03568096946087138,0.018617021276595744,0.07446808510638298,1
0.00793995753126909,0.006172839506172839,0.08641975308641975,0
0.11345273963995987,0.16964285714285715,1.2232142857142858,1
0.02857547842986136,0.10101010101010101,1.3838383838383839,0
0.1310729743106272,0.20909090909090908,1.5,1
0.07913455532321156,0.11643835616438356,0.571917808219178,0
0.09590996927307782,0.14678899082568808,1.4587155963302751,1
0.05232290626404091,0.0639269406392694,0.726027397260274,0
0.07946106910649205,0.15315315315315314,0.9819819819819819,1
0.031101349458495697,0.0847457627118644,1.5,0
0.03914966157146573,0.025423728813559324,0.15819209039548024,1
0.04334944596636388,0.07643312101910828,0.35668789808917195,0
0.10609188230008042,0.08298755186721991,0.3257261410788382,1
0.008639905650399047,0.07142857142857142,1.5,0
0.04468047478338844,0.1267605633802817,0.9366197183098591,1
0.030839577991771252,0.09259259259259259,1.2314814814814814,0
0.1343529319099414,0.2549019607843137,1.5,1
0.08418298962781154,0.1485148514851485,1.4504950495049505,0
0.32019608104908126,0.4178082191780822,1.5,1
0.10223819726770855,0.35526315789473684,1.5,0
0.0557782086606029,0.08387096774193549,0.7677419354838709,1
0.0330015955577852,0.08823529411764706,1.1666666666666667,0
0.06742092761628656,0.05181347150259067,0.5181347150259067,1
0.0,0.0,1.5,0
0.2750680891211298,0.32407407407407407,1.5,1
0.12480457637341132,0.21171171171171171,1.3198198198198199,0
0.20286777528743963,0.28342245989304815,1.4064171122994653,1
0.149343297078542,0.31086142322097376,1.5,0
0.0627701401116628,0.09722222222222222,1.5,1
0.07123628588172465,0.09340659340659341,0.6538461538461539,0
0.07133247930437389,0.08771929824561403,0.8771929824561403,1
0.05025752394029535,0.12048192771084337,1.2048192771084338,0
0.14343691624430335,0.4074074074074074,1.5,1
0.12450563783256514,0.20085470085470086,1.2521367521367521,0
0.1355763038968579,0.3333333333333333,1.5,1
0.16660778726055903,0.3364485981308411,1.5,0
0.043246714267749994,0.07777777777777778,0.6611111111111111,1
0.090529224233556,0.12363636363636364,0.43272727272727274,0
0.052377878700652206,0.05263157894736842,1.0526315789473684,1
0.08863958147116913,0.05555555555555555,0.32679738562091504,0
0.12137082756685308,0.16666666666666666,1.5,1
0.04675769473401617,0.08504398826979472,0.4604105571847507,0
0.1414467520419474,0.1527777777777778,0.6157407407407407,1
0.04753673906313957,0.11009174311926606,1.2201834862385321,0
0.09099680154595681,0.14963503649635038,1.0693430656934306,1
0.07361218485025167,0.1444866920152091,1.1140684410646389,0
0.1366894593846243,0.286231884057971,1.5,1
0.06717520072566106,0.18047882136279927,0.9686924493554327,0
0.07079816463060697,0.08921933085501858,0.4423791821561338,1
0.02775548740369932,0.07655502392344497,0.569377990430622,0
0.12021444924825386,0.09770114942528736,0.5747126436781609,1
0.10135909105251849,0.06345177664974619,0.25380710659898476,0
0.06447489876599499,0.15384615384615385,1.5,1
0.04092179705129654,0.08396946564885496,0.7824427480916031,0
0.10705725134432315,0.18309859154929578,1.5,1
0.02490775540482253,0.10091743119266056,1.5,0
0.17440009289597364,0.32142857142857145,1.5,1
0.020869868755372726,0.08227848101265822,1.2848101265822784,0
0.07311497525413578,0.06315789473684211,1.0105263157894737,1
0.041949548622013506,0.04946996466431095,0.3392226148409894,0
0.12518431994274612,0.08376963350785341,0.5078534031413613,1
0.14492130061427927,0.09497206703910614,0.2709497206703911,0
0.33933169876212316,0.24050632911392406,1.5,1
0.06403666391641794,0.1039426523297491,0.6594982078853047,0
0.1898092427267912,0.23270440251572327,1.2893081761006289,1
0.04611624764585271,0.07224334600760456,0.779467680608365,0
0.10081943504348838,0.24444444444444444,1.5,1
0.07094807278748838,0.13142857142857142,1.5,0
0.07939541085319045,0.17647058823529413,1.5,1
0.06330267956522677,0.19540229885057472,1.5,0
0.07861724166230342,0.0784313725490196,0.6274509803921569,1
0.05077641393542062,0.03990610328638498,0.22535211267605634,0
0.09406886534133244,0.13157894736842105,1.5,1
0.02746606743901353,0.03802281368821293,0.3688212927756654,0
0.130280891653092,0.2857142857142857,1.5,1
0.08298605918932764,0.11023622047244094,0.7244094488188977,0
0.062258329288780674,0.0707070707070707,1.5,1
0.06290339970319117,0.125,1.5,0
0.14056657515219365,0.23636363636363636,1.5,1
0.05962045353834436,0.13191489361702127,1.327659574468085,0
0.09624403787153528,0.21348314606741572,1.5,1
0.04396146483942284,0.11946902654867257,0.8982300884955752,0
0.15640281269266465,0.125,1.2,1
0.03397531991279563,0.05,0.4,0
0.14201816155089267,0.11518324607329843,0.5078534031413613,1
0.032089894363781034,0.15625,1.0104166666666667,0
0.15443728799142944,0.17511520737327188,0.847926267281106,1
0.06782085940008067,0.11403508771929824,0.8070175438596491,0
0.08448213726298645,0.08786610878661087,0.42887029288702927,1
0.047690567608133616,0.08672086720867209,0.5555555555555556,0
0.0833953488567904,0.1566265060240964,1.5,1
0.11326328332532813,0.17094017094017094,0.8888888888888888,0
0.1322723785213182,0.15816326530612246,0.9642857142857143,1
0.08049534205373765,0.11929824561403508,0.6631578947368421,0
0.1348030808686937,0.10982658959537572,1.5,1
0.044531487205777424,0.13953488372093023,1.3581395348837209,0
0.13369801301452955,0.1476510067114094,0.7953020134228188,1
0.046765961114626414,0.10283687943262411,0.8404255319148937,0
0.13314172483129033,0.205607476635514,1.4439252336448598,1
0.044812196304291216,0.11363636363636363,1.1704545454545454,0
0.11516649242602925,0.1111111111111111,0.4826388888888889,1
0.06673013234021186,0.11363636363636363,0.6318181818181818,0
0.06742014161827303,0.12813370473537605,0.6880222841225627,1
0.002901607818311111,0.05263157894736842,1.5,0
0.07246798130527388,0.04240282685512368,0.21554770318021202,1
0.021282054352019245,0.02564102564102564,0.1955128205128205,0
0.06158523568506745,0.13725490196078433,0.865546218487395,1
0.02538755045529173,0.09580838323353294,1.5,0
0.07750429946588344,0.0896358543417367,0.38935574229691877,1
0.08428795624206194,0.08923076923076922,0.4276923076923077,0
0.06158523568506745,0.13725490196078433,0.865546218487395,1
0.034213804178179284,0.1069182389937107,1.5,0
0.15235325868013147,0.17088607594936708,0.879746835443038,1
0.05181798033259729,0.08273381294964029,0.5,0
0.06463686360203738,0.22900763358778625,1.5,1
0.03659434110394327,0.1375,1.2875,0
0.08896972174270429,0.18095238095238095,1.3238095238095238,1
0.03824854985456652,0.08904109589041095,0.476027397260274,0
0.10028800425283699,0.10469314079422383,0.6823104693140795,1
0.08418029296709785,0.12549019607843137,0.7411764705882353,0
0.13422108463349175,0.148014440433213,1.0541516245487366,1
0.07061555131237751,0.11264367816091954,0.671264367816092,0
0.11314470013858452,0.12448132780082988,0.983402489626556,1
0.04836071485050128,0.11455847255369929,0.5656324582338902,0
0.08790973457072143,0.15284974093264247,0.8005181347150259,1
0.02243546949350179,0.07913669064748201,1.5,0
0.09464224511332897,0.14444444444444443,0.7722222222222223,1
0.03703551501794131,0.08755760368663594,0.6405529953917051,0
0.12756594916082212,0.16363636363636364,0.6415584415584416,1
0.03370530335783855,0.1383399209486166,0.9762845849802372,0
0.1079256022177465,0.06172839506172839,0.3765432098765432,1
0.011526394992865615,0.029288702928870293,0.25523012552301255,0
0.1956223141797952,0.19767441860465115,0.8401162790697675,1
0.03880010665769895,0.11764705882352941,1.0,0
0.08472826953846695,0.027237354085603113,0.1556420233463035,1
0.04242420984495622,0.031007751937984496,0.15503875968992248,0
0.18597443569252184,0.22131147540983606,1.5,1
0.07695151111166486,0.13636363636363635,0.7620320855614974,0
0.10541557898014839,0.03125,0.23958333333333334,1
0.021228484261178744,0.02358490566037736,0.2169811320754717,0
0.09439955600038802,0.10071942446043165,0.6402877697841727,1
0.03401431794246308,0.05982905982905983,0.5071225071225072,0
0.11425801817010449,0.13529411764705881,1.5,1
0.22376363579597788,0.2733812949640288,1.5,0
0.10987246610053931,0.05660377358490566,0.18867924528301888,1
0.006731917290264642,0.007407407407407408,0.2962962962962963,0
0.09341225202385482,0.15942028985507245,1.0326086956521738,1
0.027527516943037483,0.08187134502923976,0.8333333333333334,0
0.16648883450391724,0.07258064516129033,0.3709677419354839,1
0.034279780709726856,0.018604651162790697,0.10697674418604651,0
0.06691783514081617,0.17045454545454544,1.5,1
0.049246330694234806,0.08536585365853659,1.0853658536585367,0
0.08436869182004282,0.23728813559322035,1.5,1
0.017648968646595438,0.08139534883720931,1.5,0
0.10273494151037446,0.10344827586206896,0.6896551724137931,1
0.026572898870257444,0.016129032258064516,0.12903225806451613,0
0.08054977489956075,0.15730337078651685,1.0674157303370786,1
0.15241814742037127,0.16058394160583941,1.0401459854014599,0
0.09715027714900736,0.05106382978723404,0.19574468085106383,1
0.06778658713253005,0.05952380952380952,0.5476190476190477,0
0.11707364213976142,0.12574850299401197,0.5329341317365269,1
0.03345797848908494,0.05454545454545454,1.0787878787878789,0
0.2905334839203936,0.2,1.050909090909091,1
0.056472113485227564,0.11529411764705882,0.68,0
0.07119724959938861,0.03664921465968586,0.2094240837696335,1
0.020774160733358582,0.018867924528301886,0.25157232704402516,0
0.15956719048656037,0.1651376146788991,1.3073394495412844,1
0.034778340173060335,0.0891089108910891,1.4108910891089108,0
0.08787709233386053,0.11764705882352941,0.6764705882352942,1
0.016727352230091613,0.027906976744186046,0.21395348837209302,0
0.12484217710345981,0.096875,0.55625,1
0.07608245655786258,0.06481481481481481,0.8240740740740741,0
0.24871886749569003,0.3775933609958506,1.5,1
0.14591125549266262,0.3088803088803089,1.5,0
0.22322788857575282,0.22391857506361323,0.9134860050890585,1
0.03929230935920665,0.24358974358974358,1.5,0
0.12381212894048647,0.3119266055045872,1.5,1
0.10462636172807868,0.38848920863309355,1.5,0
0.082003251894044,0.24875621890547264,1.5,1
0.17001748169410227,0.21658986175115208,1.5,0
0.1989089313806504,0.4072164948453608,1.5,1
0.07064949618566951,0.294478527607362,1.5,0
0.17198039924239628,0.1940928270042194,0.7573839662447257,1
0.10312836601050056,0.2696629213483146,1.344569288389513,0
0.1691280656768151,0.3888888888888889,1.5,1
0.14512497159437926,0.22093023255813954,1.5,0
0.09004204410487135,0.25,1.5,1
0.1607022755345419,0.22044088176352705,1.1743486973947896,0
0.09618275652435979,0.3815789473684211,1.5,1
0.21975824591281798,0.46766169154228854,1.5,0
0.1468916951308808,0.17083333333333334,1.4958333333333333,1
0.10719975781247491,0.1732283464566929,0.7066929133858267,0
0.1163704383671642,0.2951653944020356,1.5,1
0.09290159689748885,0.27956989247311825,1.5,0
0.09168549584682269,0.2703962703962704,1.365967365967366,1
0.08846328529440296,0.30939226519337015,1.5,0
0.24467145175791316,0.31290322580645163,1.5,1
0.23431897148127556,0.33753943217665616,1.5,0
0.2701700795846189,0.21304347826086956,1.5,1
0.05551229945935471,0.1895910780669145,1.3345724907063197,0
0.09324675358202537,0.3422818791946309,1.5,1
0.1583924016054532,0.2809364548494983,1.5,0
0.11120586496882243,0.19623655913978494,1.5,1
0.1214107701649488,0.2792452830188679,1.5,0
0.30425505717124957,0.36363636363636365,1.5,1
0.1327316102131708,0.2364341085271318,1.2344961240310077,0
0.1435694632496708,0.205761316872428,1.477366255144033,1
0.1748691264099401,0.2116788321167883,1.3102189781021898,0
0.13736507985663887,0.31627906976744186,1.5,1
0.036805807577361224,0.2978723404255319,1.5,0
0.05182635491528145,0.19157088122605365,1.5,1
0.04697378360757286,0.23076923076923078,1.5,0
0.1237709477333988,0.23076923076923078,1.5,1
0.03667582743524106,0.08411214953271028,0.7850467289719626,0
0.05135689062017283,0.04807692307692308,0.3173076923076923,1
0.08120296505735528,0.026865671641791045,0.09850746268656717,0
0.03452149531900117,0.031914893617021274,0.12234042553191489,1
0.003354398209235567,0.011834319526627219,0.27218934911242604,0
0.09217945917470279,0.1111111111111111,0.4702842377260982,1
0.07215047878928549,0.10344827586206896,1.5,0
0.0652380542994485,0.14414414414414414,0.7027027027027027,1
0.024110146178762934,0.04424778761061947,0.46017699115044247,0
0.041961240992148104,0.05367231638418079,0.2570621468926554,1
0.04779765306660524,0.08280254777070063,0.5796178343949044,0
0.06310669400065277,0.08192090395480225,0.4745762711864407,1
0.058840377090514005,0.16666666666666666,1.4,0
0.02247424687597363,0.014124293785310734,0.09322033898305085,1
0.028313513457483244,0.022222222222222223,0.09166666666666666,0
0.04225523775476487,0.02654867256637168,0.20353982300884957,1
0.029462379452162502,0.03088803088803089,0.1776061776061776,0
0.07047319645742477,0.11396011396011396,0.5185185185185185,1
0.061858465279866916,0.07954545454545454,1.0340909090909092,0
0.05621234248689549,0.15,1.3,1
0.009942637730606002,0.04980842911877394,0.5977011494252874,0
0.12835734966051038,0.12258064516129032,0.5870967741935483,1
0.03533160481177169,0.041666666666666664,0.37916666666666665,0
0.08448555701298645,0.17073170731707318,1.024390243902439,1
0.03262248894952687,0.0944206008583691,0.721030042918455,0
0.09058735551873791,0.06870229007633588,0.25190839694656486,1
0.048871668058840634,0.03308823529411765,0.1213235294117647,0
0.05248091487955436,0.041237113402061855,0.15807560137457044,1
0.02131670345499309,0.06329113924050633,0.5822784810126582,0
0.05657550041104045,0.16216216216216217,1.5,1
0.05045512701385222,0.08297872340425531,0.3872340425531915,0
0.0164846081640267,0.04054054054054054,1.5,1
0.017393743460057294,0.07906976744186046,0.7255813953488373,0
0.17050760072594484,0.12903225806451613,0.41935483870967744,1
0.0704534638923157,0.06284153005464481,0.24863387978142076,0
0.0911574323337915,0.14285714285714285,0.8888888888888888,1
0.013852876511085408,0.08571428571428572,1.5,0
0.08816355962899303,0.045871559633027525,0.15137614678899083,1
0.01864500732981998,0.01556420233463035,0.12840466926070038,0
0.1608072857851208,0.25609756097560976,1.5,1
0.037866808349384655,0.1891891891891892,1.5,0
0.042237939196549355,0.0875,0.7125,1
0.020630277787616082,0.048859934853420196,0.3713355048859935,0
0.15805598050854194,0.34146341463414637,1.5,1
0.09329872242618222,0.12638580931263857,0.5742793791574279,0
0.0717862903973384,0.22950819672131148,1.5,1
0.07692891206816267,0.15668202764976957,1.0253456221198156,0
0.08455500821646769,0.21084337349397592,1.5,1
0.06712723135698567,0.12686567164179105,1.0895522388059702,0
0.10397063855367542,0.1440677966101695,0.536723163841808,1
0.043528687669418,0.12962962962962962,0.8796296296296297,0
0.1183943273127912,0.28431372549019607,1.5,1
0.06089594585328249,0.14396887159533073,0.7976653696498055,0
0.11103874012245243,0.14918414918414918,0.585081585081585,1
0.09508149856758402,0.12307692307692308,0.9653846153846154,0
0.043709105289711725,0.07048458149779736,0.5022026431718062,1
0.033097362744983067,0.05732484076433121,0.7261146496815286,0
0.1666571103939779,0.2594594594594595,1.4,1
0.05844887891185039,0.09259259259259259,0.9592592592592593,0
0.11736589191295302,0.25,1.5,1
0.03608428259613908,0.11333333333333333,1.5,0
0.021084386697998617,0.08771929824561403,1.5,1
0.02761877484088443,0.041379310344827586,0.7862068965517242,0
0.18230282927825953,0.24336283185840707,1.1460176991150441,1
0.10857678168714746,0.15547703180212014,0.9151943462897526,0
0.16360928967559168,0.26851851851851855,1.5,1
0.045606951820149635,0.12751677852348994,0.8422818791946308,0
0.061392830175493865,0.08227848101265822,0.7215189873417721,1
0.024963589110182212,0.058823529411764705,0.41911764705882354,0
0.11363839810445041,0.2962962962962963,1.5,1
0.17341381749005397,0.15979381443298968,1.3350515463917525,0
0.13309984545042697,0.13537117903930132,0.5480349344978166,1
0.039095337608190533,0.11347517730496454,0.8900709219858156,0
0.07692051764612494,0.0913978494623656,0.6129032258064516,1
0.030450064795219743,0.06976744186046512,0.6627906976744186,0
0.10530739723769074,0.3333333333333333,1.5,1
0.11093802932643945,0.14772727272727273,0.7357954545454546,0
0.09700214912210904,0.1712707182320442,0.6933701657458563,1
0.0738988275161206,0.11315789473684211,0.6605263157894737,0
0.18393871283585966,0.22549019607843138,1.5,1
0.04131839134860389,0.07246376811594203,0.8647342995169082,0
0.12151146483819034,0.15311004784688995,0.9425837320574163,1
0.03702899339071963,0.07947019867549669,0.652317880794702,0
0.13031574984749136,0.11827956989247312,0.6845878136200717,1
0.03495356752234735,0.13829787234042554,1.5,0
0.17935685022651313,0.16025641025641027,0.7275641025641025,1
0.023913956626600775,0.08027522935779817,0.5206422018348624,0
0.2504129743925188,0.167816091954023,0.6160919540229886,1
0.06699852611582845,0.1875,1.5,0
0.2306305546788234,0.14482758620689656,0.4114942528735632,1
0.05935347693638478,0.09146341463414634,1.0914634146341464,0
0.020694034002721528,0.05084745762711865,1.5,1
0.04344926402351805,0.10945273631840796,0.9800995024875622,0
0.060566233089449854,1.0,1.5,1
0.07591034639569677,0.10559006211180125,1.186335403726708,0
0.15414126571933578,0.1288888888888889,1.008888888888889,1
0.02850602736293287,0.11891891891891893,1.227027027027027,0
0.15919138311299305,0.1839080459770115,1.5,1
0.038524963863560434,0.1,1.2181818181818183,0
0.2147379895340488,0.24060150375939848,1.3458646616541354,1
0.05700593544105301,0.07650273224043716,0.9781420765027322,0
0.21608346798778555,0.2,1.5,1
0.05562404622654799,0.06976744186046512,0.3817829457364341,0
0.09654763061357917,0.10238907849829351,0.6518771331058021,1
0.023030313633730468,0.09183673469387756,1.5,0
0.08023784026226659,0.14566929133858267,0.8937007874015748,1
0.020916744998123786,0.07951070336391437,0.6941896024464832,0
0.04295326033153244,0.08955223880597014,1.3333333333333333,1
0.028624798740014074,0.1,1.1652173913043478,0
0.17116316018485642,0.1384083044982699,0.6193771626297578,1
0.06843450820709679,0.09821428571428571,0.7991071428571429,0
0.1056563560521434,0.17010309278350516,1.0154639175257731,1
0.03910565660045682,0.08390022675736962,0.4467120181405896,0
0.12439889488382527,0.08287292817679558,0.35174953959484345,1
0.04674833795495709,0.11356466876971609,0.6025236593059937,0
0.1090284228110469,0.15053763440860216,1.2204301075268817,1
0.034960924232623224,0.1346153846153846,1.455128205128205,0
0.13806527731561227,0.21084337349397592,1.5,1
0.04916728422306362,0.1282051282051282,1.1452991452991452,0
0.12569984550932267,0.20540540540540542,1.5,1
0.04862851859412834,0.15492957746478872,1.5,0
0.1752930234602306,0.24489795918367346,1.5,1
0.11875157089566447,0.17771883289124668,0.9098143236074271,0
0.21468406803637355,0.1498371335504886,0.5179153094462541,1
0.11055045428925493,0.08776595744680851,0.4228723404255319,0
0.40951588305752973,0.3413654618473896,1.2771084337349397,1
0.1509475582141428,0.2410958904109589,0.8712328767123287,0
0.22728491277099344,0.19160104986876642,0.9002624671916011,1
0.12001033733350808,0.1795774647887324,1.2077464788732395,0
0.20393762439325394,0.125,0.44166666666666665,1
0.06331845266012294,0.08163265306122448,0.8112244897959183,0
0.36647956165300577,0.35874439461883406,1.4260089686098654,1
0.2445917484776704,0.33043478260869563,1.5,0
0.42806062524284594,0.26170798898071623,0.9449035812672176,1
0.08557215925632072,0.20392156862745098,1.3450980392156864,0
0.17460602458107688,0.14376996805111822,0.5079872204472844,1
0.09444024488327017,0.1330049261083744,0.7832512315270936,0
0.1821128395448857,0.29850746268656714,1.5,1
0.05088000205856433,0.18032786885245902,1.5,0
0.22959424546259583,0.19664268585131894,0.8225419664268585,1
0.06321757678220748,0.15018315018315018,1.2564102564102564,0
0.20934143350967455,0.2014388489208633,1.143884892086331,1
0.09183405955415533,0.09776536312849161,0.4441340782122905,0
0.29589528291322004,0.24285714285714285,1.1357142857142857,1
0.20204010204240058,0.22597402597402597,0.825974025974026,0
0.3456516603997418,0.2508038585209003,1.1028938906752412,1
0.04102762627076493,0.1643192488262911,1.5,0
0.10661783018585094,0.14556962025316456,1.0063291139240507,1
0.10545251184326053,0.09954751131221719,0.7194570135746606,0
0.1325875828574576,0.33093525179856115,1.5,1
0.0831728981160487,0.1872791519434629,1.1236749116607774,0
0.20645654125521806,0.21608040201005024,0.8618090452261307,1
0.13227565120365,0.2643171806167401,1.5,0
0.24086842635540254,0.17567567567567569,0.7162162162162162,1
0.16086093860479606,0.1477832512315271,0.7832512315270936,0
0.37550802873331773,0.3292181069958848,1.308641975308642,1
0.11842748003783006,0.28225806451612906,1.5,0
0.2616823943404343,0.24686192468619247,1.4351464435146444,1
0.08761995767626186,0.1910569105691057,1.3943089430894309,0
0.3202774027847582,0.2102803738317757,1.3644859813084111,1
0.031911799562311174,0.10674157303370786,1.5,0
0.22715622854493517,0.23684210526315788,1.5,1
0.03836244511338464,0.15,1.5,0
0.2064672207271809,0.2573099415204678,1.3567251461988303,1
0.025330710196329032,0.11196911196911197,0.8957528957528957,0
0.1016233726204225,0.20833333333333334,1.4166666666666667,1
0.03289082256412069,0.06976744186046512,0.9488372093023256,0
0.289372669777515,0.13740458015267176,0.3969465648854962,1
0.01635690610805696,0.05555555555555555,0.6419753086419753,0
0.1104713649729005,0.14641744548286603,0.7289719626168224,1
0.04384293123975348,0.11504424778761062,0.6902654867256637,0
0.23657243232813255,0.24183006535947713,1.5,1
0.09119163946800334,0.11706349206349206,0.5277777777777778,0
0.29793852394557035,0.2206896551724138,1.4551724137931035,1
0.06096050059499481,0.13414634146341464,0.6432926829268293,0
0.16419310802361906,0.29411764705882354,1.5,1
0.07436930675020927,0.0707395498392283,0.7717041800643086,0
0.14811269264978283,0.15789473684210525,1.5,1
0.04163865881869131,0.13618677042801555,0.8910505836575876,0
0.09974110160979512,0.1072961373390558,0.6051502145922747,1
0.05118992389537682,0.054313099041533544,0.4504792332268371,0
0.16185038241299307,0.12982456140350876,0.512280701754386,1
0.04114693535980718,0.1619047619047619,1.5,0
0.1397080821908762,0.2283464566929134,1.5,1
0.11508810195549722,0.16778523489932887,0.8825503355704698,0
0.026448439730685655,0.17857142857142858,1.5,1
0.03382315948773387,0.13793103448275862,1.3333333333333333,0
0.2030913001429322,0.16363636363636364,1.5,1
0.03978265532894562,0.13178294573643412,1.5,0
0.24276965411393603,0.09310344827586207,0.3586206896551724,1
0.03785969904190061,0.05474452554744526,0.3795620437956204,0
0.08082813429466963,0.12590799031476999,0.5665859564164649,1
0.05359674482684456,0.12462006079027356,0.7112462006079028,0
0.24827613186317846,0.1837270341207349,0.6981627296587927,1
0.09548660698882652,0.15671641791044777,1.5,0
0.16329001277577776,0.16666666666666666,1.4652777777777777,1
0.04995965425348336,0.16176470588235295,1.5,0
0.2076084357566469,0.138996138996139,0.9266409266409267,1
0.07926022760184702,0.0997229916897507,0.6648199445983379,0
0.14757559949112176,0.18487394957983194,0.957983193277311,1
0.01771173451802717,0.10160427807486631,1.2192513368983957,0
0.07302362086766791,0.2,1.5,1
0.05111633934843943,0.06796116504854369,0.5631067961165048,0
0.28319299393754327,0.22435897435897437,1.25,1
0.054695758993189514,0.11057692307692307,0.9375,0
0.12416331271322757,0.35294117647058826,1.5,1
0.23613703852766862,0.27472527472527475,1.5,0
0.06419095460262629,0.25510204081632654,1.5,1
0.10735749773799613,0.1855072463768116,0.8463768115942029,0
0.15557568868363636,0.2777777777777778,1.5,1
0.01617721568236281,0.06091370558375635,0.6649746192893401,0
0.09751737801903827,0.20909090909090908,1.5,1
0.07979688378853168,0.13380281690140844,1.0774647887323943,0
0.262457575759065,0.19909502262443438,1.0316742081447965,1
0.02783496968004534,0.085,1.14,0
0.1459438943782319,0.11261261261261261,0.5225225225225225,1
0.034618004114204404,0.059490084985835696,0.3286118980169972,0
0.09856948156472027,0.14049586776859505,1.5,1
0.03334759281246442,0.12612612612612611,1.5,0
0.06316547749798802,0.19672131147540983,1.5,1
0.04150827039781337,0.07906976744186046,0.5325581395348837,0
0.3100582123686373,0.25301204819277107,1.5,1
0.025277196793417972,0.1388888888888889,1.5,0
0.1456726575165694,0.26,1.5,1
0.027857480228729636,0.07692307692307693,1.5,0
0.04211006021563754,0.12037037037037036,1.5,1
0.017333263468100588,0.11627906976744186,1.5,0
0.06304893052955703,0.16,1.1,1
0.047871448678510085,0.12206572769953052,0.7746478873239436,0
0.2605549260272585,0.2692307692307692,1.073076923076923,1
0.04448965891624301,0.13714285714285715,1.5,0
0.1154869841587212,0.23015873015873015,1.2619047619047619,1
0.014712978855210383,0.10526315789473684,1.5,0
0.27919459790316026,0.6666666666666666,1.5,1
0.0759239752060436,0.16444444444444445,1.2844444444444445,0
0.14994187798255476,0.1111111111111111,0.6666666666666666,1
0.0406325663201773,0.038860103626943004,0.21761658031088082,0
0.26411334433766437,0.2619047619047619,1.3095238095238095,1
0.06844485496415048,0.09290953545232274,0.4034229828850856,0
0.14296479084127844,0.3698630136986301,1.5,1
0.01831670054929107,0.14473684210526316,1.5,0
0.09226969616495351,0.21428571428571427,1.5,1
0.03855784388408519,0.05630026809651475,0.4262734584450402,0
0.3010732618853287,0.36507936507936506,1.5,1
0.0578462784984771,0.11791383219954649,0.655328798185941,0
0.11591711553399602,0.0437636761487965,0.1838074398249453,1
0.012607401736606887,0.058823529411764705,1.5,0
0.09084349905028816,0.15702479338842976,1.3636363636363635,1
0.02101239612905075,0.07172995780590717,0.6962025316455697,0
0.1649493968574425,0.25862068965517243,1.5,1
0.05603141458672842,0.27906976744186046,1.5,0
0.08134649049865059,0.1223021582733813,1.143884892086331,1
0.03708746945566553,0.06761565836298933,0.5658362989323843,0
0.24030919237484827,0.39473684210526316,1.5,1
0.03568385026449942,0.11627906976744186,1.5,0
0.10849916506304004,0.054474708171206226,0.32684824902723736,1
0.017880105477363496,0.03125,0.2916666666666667,0
0.12355859213210185,0.16149068322981366,1.0248447204968945,1
0.0420561493617353,0.15714285714285714,1.5,0
0.2090180114087386,0.2617801047120419,1.4607329842931938,1
0.1574943040002464,0.18769230769230769,0.8584615384615385,0
0.15232836633904712,0.20121951219512196,0.9695121951219512,1
0.07918799620726963,0.0855614973262032,0.8502673796791443,0
0.31168015310197483,0.3333333333333333,1.5,1
0.03328716003220371,0.1347517730496454,1.5,0
0.07058540283094618,0.05152224824355972,0.19672131147540983,1
0.011400555102727413,0.013636363636363636,0.38181818181818183,0
0.052505170893269025,0.11214953271028037,0.7009345794392523,1
0.016745334799678498,0.03305785123966942,0.30991735537190085,0
0.044190388917280075,0.11666666666666667,0.8166666666666667,1
0.010491011864337253,0.020833333333333332,0.3402777777777778,0
0.1658273684511768,0.2138364779874214,0.8679245283018868,1
0.06767001913428465,0.11659192825112108,0.6188340807174888,0
0.0680700817478565,0.04265402843601896,0.14218009478672985,1
0.04110256486419085,0.017114914425427872,0.07334963325183375,0
0.20518856158194437,0.32653061224489793,1.5,1
0.04076535456622688,0.08503401360544217,0.7074829931972789,0
0.17411927902691846,0.22641509433962265,1.5,1
0.05435027734527082,0.11641221374045801,0.5477099236641222,0
0.08669599405291299,0.14383561643835616,0.7054794520547946,1
0.03848122986088783,0.05188679245283019,0.2429245283018868,0
0.06673915142427897,0.1,1.5,1
0.012975167107522535,0.03546099290780142,0.26595744680851063,0
0.06655085399921071,0.07207207207207207,0.44144144144144143,1
0.013348804365242078,0.005952380952380952,0.2916666666666667,0
0.10746701387021108,0.16326530612244897,1.4081632653061225,1
0.039599224287053716,0.09836065573770492,0.7540983606557377,0
0.06126694730101315,0.05084745762711865,0.5084745762711864,1
0.021266143529977376,0.018518518518518517,0.2777777777777778,0
0.2639988074229773,0.28448275862068967,1.5,1
0.058583452335051606,0.1320754716981132,0.9811320754716981,0
0.23401597170754224,0.3,1.5,1
0.04224807816686023,0.11073825503355705,0.9630872483221476,0
0.03285452497247094,0.06532663316582915,0.5175879396984925,1
0.057883698725620575,0.09401709401709402,0.44017094017094016,0
0.08753561586619396,0.08163265306122448,0.30612244897959184,1
0.03855367399937961,0.0392156862745098,0.18382352941176472,0
0.012289705160819318,0.15384615384615385,1.5,1
0.004125884128437405,0.013333333333333334,0.32666666666666666,0
0.08418179770689302,0.16417910447761194,1.0298507462686568,1
0.06843920408268164,0.08411214953271028,0.6448598130841121,0
0.040302930373749254,0.041666666666666664,0.625,1
0.02454468422954354,0.008880994671403197,0.05328596802841918,0
0.10874547256083997,0.18137254901960784,1.0196078431372548,1
0.03558156730276919,0.15706806282722513,1.0890052356020943,0
0.15954999617419138,0.41509433962264153,1.5,1
0.022480560525908095,0.12571428571428572,1.5,0
0.10794608544260843,0.09278350515463918,1.1649484536082475,1
0.02646377477635516,0.056910569105691054,0.45934959349593496,0
0.1118638324095878,0.14798206278026907,0.8968609865470852,1
0.07441681705054562,0.16875,1.25,0
0.08512474985443397,0.05188679245283019,0.4811320754716981,1
0.033703864091581895,0.08333333333333333,1.5,0
0.09847047841338731,0.12446351931330472,0.8540772532188842,1
0.04688038151271794,0.0784313725490196,0.4877450980392157,0
0.049319168579499195,0.11666666666666667,1.35,1
0.02062258094857007,0.06951871657754011,0.8663101604278075,0
0.07765652234254201,0.07142857142857142,0.424812030075188,1
0.06355357742727692,0.06060606060606061,0.3424242424242424,0
0.14070144936817985,0.15675675675675677,1.0810810810810811,1
0.026191942193066517,0.05405405405405406,1.5,0
0.034294500842304815,0.05389221556886228,0.6107784431137725,1
0.0335581382589529,0.05,0.34,0
0.07178646956170609,0.13690476190476192,1.1845238095238095,1
0.04187526448311282,0.06496062992125984,0.39173228346456695,0
0.031961370576376706,0.047337278106508875,0.9585798816568047,1
0.06532592164180988,0.09545454545454546,0.7363636363636363,0
0.03802850879909399,0.09565217391304348,0.9826086956521739,1
0.025681788377913305,0.08,0.452,0
0.10621694272290898,0.2222222222222222,1.5,1
0.031850310162784556,0.06870229007633588,0.7633587786259542,0
0.0821962399781919,0.0622568093385214,0.3968871595330739,1
0.03843094912823108,0.08653846153846154,0.9807692307692307,0
0.08509750556314934,0.16964285714285715,1.5,1
0.07383473834581677,0.1411764705882353,1.5,0
0.05641546717818826,0.04918032786885246,0.5163934426229508,1
0.024905531181468592,0.034334763948497854,0.2703862660944206,0
0.07127951489098253,0.06956521739130435,0.24782608695652175,1
0.04938389692543574,0.07920792079207921,0.5643564356435643,0
0.03642730523801191,0.05319148936170213,0.28297872340425534,1
0.005368541575874495,0.027777777777777776,1.5,0
0.12927828673087433,0.08260869565217391,0.34130434782608693,1
0.1007496437635489,0.1134453781512605,0.32983193277310924,0
0.07039335726782224,0.07021276595744681,0.3893617021276596,1
0.04472291932493754,0.09747292418772563,0.6606498194945848,0
0.06383170518084053,0.029787234042553193,0.13404255319148936,1
0.03242367231860439,0.029197080291970802,0.45985401459854014,0
0.08246792040900403,0.05434782608695652,0.2543478260869565,1
0.03860847228643252,0.051330798479087454,0.2224334600760456,0
0.06509288653321801,0.031914893617021274,0.13404255319148936,1
0.04174776660356509,0.02459016393442623,0.2581967213114754,0
0.0466261344696986,0.05286343612334802,0.2511013215859031,1
0.06595596634275343,0.07096774193548387,0.36774193548387096,0
0.01801936401647853,0.04736842105263158,0.7,1
0.0062299321903276,0.037037037037037035,1.2314814814814814,0
0.10677581950657118,0.0784313725490196,0.3420479302832244,1
0.07066487491420693,0.11059907834101383,0.7235023041474654,0
0.08354859941575464,0.09876543209876543,0.7530864197530864,1
0.01408421524187577,0.043478260869565216,0.8840579710144928,0
0.06315039945628696,0.030395136778115502,0.19148936170212766,1
0.020909700026417594,0.0228310502283105,0.2876712328767123,0
0.07570122535254015,0.07232704402515723,0.36792452830188677,1
0.03379007903350981,0.06164383561643835,0.4006849315068493,0
0.09708522753682612,0.044585987261146494,0.20063694267515925,1
0.018559105178814563,0.032679738562091505,0.4117647058823529,0
0.03903660977424111,0.07582938388625593,0.5402843601895735,1
0.022787222918790703,0.0761904761904762,1.0857142857142856,0
0.024857403311890985,0.060109289617486336,0.726775956284153,1
0.014888375489620761,0.07207207207207207,0.5990990990990991,0
0.16446618615150985,0.10454545454545454,0.3568181818181818,1
0.035696266542305385,0.09166666666666666,1.3083333333333333,0
0.07934007918735785,0.07727272727272727,0.4159090909090909,1
0.043188127938165774,0.12980769230769232,0.8798076923076923,0
0.05962437694936147,0.031818181818181815,0.1431818181818182,1
0.019129210495808135,0.02109704641350211,0.26582278481012656,0
